user,first_malicious_day,risk_7d_before,alert_7d_before,breach_pred_7d,risk_14d_before,alert_14d_before,breach_pred_14d,risk_3d_before,alert_3d_before,breach_pred_3d,risk_10d_before,alert_10d_before,breach_pred_10d,peak_risk_malicious,n_malicious_days
ACM2278,229,0.7417162296107251,NORMAL,False,2.6297448490485813,WATCH,False,8.465577071978231,CRITICAL,True,1.3916394763376367,NORMAL,False,9.433790212788672,7
CMP2946,402,1.9739177903316862,NORMAL,False,0.883218109829655,NORMAL,False,6.408192157531561,HIGH,True,1.579391965072394,NORMAL,False,6.588335350648509,26
PLJ1771,223,3.2068516074330375,WATCH,False,2.8871271751149896,WATCH,False,0.5629290760064816,NORMAL,False,0.9052322797574002,NORMAL,False,8.508895162113363,1
CDE1846,416,2.803334959868482,WATCH,False,2.1821722245683266,WATCH,False,4.13162804771332,ELEVATED,False,3.900570983773944,WATCH,False,8.919069764994415,64
MBG3183,284,1.1315835228902211,NORMAL,False,0.8049864663171311,NORMAL,False,1.538869661894618,NORMAL,False,0.936894899268411,NORMAL,False,6.10465957699155,1
